ID,Survey Year(s),Start Year,Ongoing,End Year,Year Difference,Compliance Asset Id
1,1980,1980,False,1980,0,
2,1981,1981,False,1981,0,
3,1982,1982,False,1982,0,
4,1983,1983,False,1983,0,
5,1984,1984,False,1984,0,
6,1985,1985,False,1985,0,
7,1986,1986,False,1986,0,
8,1987,1987,False,1987,0,
9,1988,1988,False,1988,0,
10,1989,1989,False,1989,0,
11,1990,1990,False,1990,0,
12,1991,1991,False,1991,0,
13,1992,1992,False,1992,0,
14,1993,1993,False,1993,0,
15,1994,1994,False,1994,0,
16,1995,1995,False,1995,0,
17,1996,1996,False,1996,0,
18,1997,1997,False,1997,0,
19,1998,1998,False,1998,0,
20,1999,1999,False,1999,0,
21,2000,2000,False,2000,0,
22,2001,2001,False,2001,0,
23,2002,2002,False,2002,0,
24,2003,2003,False,2003,0,
25,2004,2004,False,2004,0,
26,2005,2005,False,2005,0,
27,2006,2006,False,2006,0,
28,2007,2007,False,2007,0,
29,2008,2008,False,2008,0,
30,2009,2009,False,2009,0,
31,2010,2010,False,2010,0,
32,2011,2011,False,2011,0,
33,2012,2012,False,2012,0,
34,2013,2013,False,2013,0,
35,2014,2014,False,2014,0,
36,2015,2015,False,2015,0,
37,2016,2016,False,2016,0,
38,2017,2017,False,2017,0,
39,2018,2018,False,2018,0,
40,2019,2019,False,2019,0,
41,2020,2020,False,2020,0,
42,2021,2021,False,2021,0,
43,2022,2022,False,2022,0,
44,2023,2023,False,2023,0,
45,2024,2024,False,2024,0,
46,2025,2025,False,2025,0,
47,2026,2026,False,2026,0,
48,2027,2027,False,2027,0,
49,2028,2028,False,2028,0,
50,2029,2029,False,2029,0,
51,2030,2030,False,2030,0,
52,2031,2031,False,2031,0,
53,2032,2032,False,2032,0,
54,2033,2033,False,2033,0,
55,2034,2034,False,2034,0,
56,2035,2035,False,2035,0,
57,2036,2036,False,2036,0,
58,2037,2037,False,2037,0,
59,2038,2038,False,2038,0,
60,2039,2039,False,2039,0,
61,2040,2040,False,2040,0,
62,2041,2041,False,2041,0,
63,2042,2042,False,2042,0,
64,2043,2043,False,2043,0,
65,2044,2044,False,2044,0,
66,2045,2045,False,2045,0,
67,2046,2046,False,2046,0,
68,2047,2047,False,2047,0,
69,2048,2048,False,2048,0,
70,2049,2049,False,2049,0,
71,2050,2050,False,2050,0,
72,2051,2051,False,2051,0,
73,2052,2052,False,2052,0,
74,2053,2053,False,2053,0,
75,2054,2054,False,2054,0,
76,2055,2055,False,2055,0,
77,2056,2056,False,2056,0,
78,2057,2057,False,2057,0,
79,2058,2058,False,2058,0,
80,2059,2059,False,2059,0,
81,2060,2060,False,2060,0,
82,2061,2061,False,2061,0,
83,2062,2062,False,2062,0,
84,2063,2063,False,2063,0,
85,2064,2064,False,2064,0,
86,2065,2065,False,2065,0,
87,2066,2066,False,2066,0,
88,2067,2067,False,2067,0,
89,2068,2068,False,2068,0,
90,2069,2069,False,2069,0,
91,2070,2070,False,2070,0,
92,2071,2071,False,2071,0,
93,2072,2072,False,2072,0,
94,2073,2073,False,2073,0,
95,2074,2074,False,2074,0,
96,2075,2075,False,2075,0,
97,2076,2076,False,2076,0,
98,2077,2077,False,2077,0,
99,2078,2078,False,2078,0,
100,2079,2079,False,2079,0,
101,2080,2080,False,2080,0,
102,2081,2081,False,2081,0,
103,2082,2082,False,2082,0,
104,2083,2083,False,2083,0,
105,2084,2084,False,2084,0,
106,2085,2085,False,2085,0,
107,2086,2086,False,2086,0,
108,2087,2087,False,2087,0,
109,2088,2088,False,2088,0,
110,2089,2089,False,2089,0,
111,2090,2090,False,2090,0,
112,2091,2091,False,2091,0,
113,2092,2092,False,2092,0,
114,2093,2093,False,2093,0,
115,2094,2094,False,2094,0,
116,2095,2095,False,2095,0,
117,2096,2096,False,2096,0,
118,2097,2097,False,2097,0,
119,2098,2098,False,2098,0,
120,2099,2099,False,2099,0,
121,1980-81,1980,False,1981,1,
122,1981-82,1981,False,1982,1,
123,1982-83,1982,False,1983,1,
124,1983-84,1983,False,1984,1,
125,1984-85,1984,False,1985,1,
126,1985-86,1985,False,1986,1,
127,1986-87,1986,False,1987,1,
128,1987-88,1987,False,1988,1,
129,1988-89,1988,False,1989,1,
130,1989-90,1989,False,1990,1,
131,1990-91,1990,False,1991,1,
132,1991-92,1991,False,1992,1,
133,1992-93,1992,False,1993,1,
134,1993-94,1993,False,1994,1,
135,1994-95,1994,False,1995,1,
136,1995-96,1995,False,1996,1,
137,1996-97,1996,False,1997,1,
138,1997-98,1997,False,1998,1,
139,1998-99,1998,False,1999,1,
140,1999-00,1999,False,2000,1,
141,2000-01,2000,False,2001,1,
142,2001-02,2001,False,2002,1,
143,2002-03,2002,False,2003,1,
144,2003-04,2003,False,2004,1,
145,2004-05,2004,False,2005,1,
146,2005-06,2005,False,2006,1,
147,2006-07,2006,False,2007,1,
148,2007-08,2007,False,2008,1,
149,2008-09,2008,False,2009,1,
150,2009-10,2009,False,2010,1,
151,2010-11,2010,False,2011,1,
152,2011-12,2011,False,2012,1,
153,2012-13,2012,False,2013,1,
154,2013-14,2013,False,2014,1,
155,2014-15,2014,False,2015,1,
156,2015-16,2015,False,2016,1,
157,2016-17,2016,False,2017,1,
158,2017-18,2017,False,2018,1,
159,2018-19,2018,False,2019,1,
160,2019-20,2019,False,2020,1,
161,2020-21,2020,False,2021,1,
162,2021-22,2021,False,2022,1,
163,2022-23,2022,False,2023,1,
164,2023-24,2023,False,2024,1,
165,2024-25,2024,False,2025,1,
166,2025-26,2025,False,2026,1,
167,2026-27,2026,False,2027,1,
168,2027-28,2027,False,2028,1,
169,2028-29,2028,False,2029,1,
170,2029-30,2029,False,2030,1,
171,2030-31,2030,False,2031,1,
172,2031-32,2031,False,2032,1,
173,2032-33,2032,False,2033,1,
174,2033-34,2033,False,2034,1,
175,2034-35,2034,False,2035,1,
176,2035-36,2035,False,2036,1,
177,2036-37,2036,False,2037,1,
178,2037-38,2037,False,2038,1,
179,2038-39,2038,False,2039,1,
180,2039-40,2039,False,2040,1,
181,2040-41,2040,False,2041,1,
182,2041-42,2041,False,2042,1,
183,2042-43,2042,False,2043,1,
184,2043-44,2043,False,2044,1,
185,2044-45,2044,False,2045,1,
186,2045-46,2045,False,2046,1,
187,2046-47,2046,False,2047,1,
188,2047-48,2047,False,2048,1,
189,2048-49,2048,False,2049,1,
190,2049-50,2049,False,2050,1,
191,2050-51,2050,False,2051,1,
192,2051-52,2051,False,2052,1,
193,2052-53,2052,False,2053,1,
194,2053-54,2053,False,2054,1,
195,2054-55,2054,False,2055,1,
196,2055-56,2055,False,2056,1,
197,2056-57,2056,False,2057,1,
198,2057-58,2057,False,2058,1,
199,2058-59,2058,False,2059,1,
200,2059-60,2059,False,2060,1,
201,2060-61,2060,False,2061,1,
202,2061-62,2061,False,2062,1,
203,2062-63,2062,False,2063,1,
204,2063-64,2063,False,2064,1,
205,2064-65,2064,False,2065,1,
206,2065-66,2065,False,2066,1,
207,2066-67,2066,False,2067,1,
208,2067-68,2067,False,2068,1,
209,2068-69,2068,False,2069,1,
210,2069-70,2069,False,2070,1,
211,2070-71,2070,False,2071,1,
212,2071-72,2071,False,2072,1,
213,2072-73,2072,False,2073,1,
214,2073-74,2073,False,2074,1,
215,2074-75,2074,False,2075,1,
216,2075-76,2075,False,2076,1,
217,2076-77,2076,False,2077,1,
218,2077-78,2077,False,2078,1,
219,2078-79,2078,False,2079,1,
220,2079-80,2079,False,2080,1,
221,2080-81,2080,False,2081,1,
222,2081-82,2081,False,2082,1,
223,2082-83,2082,False,2083,1,
224,2083-84,2083,False,2084,1,
225,2084-85,2084,False,2085,1,
226,2085-86,2085,False,2086,1,
227,2086-87,2086,False,2087,1,
228,2087-88,2087,False,2088,1,
229,2088-89,2088,False,2089,1,
230,2089-90,2089,False,2090,1,
231,2090-91,2090,False,2091,1,
232,2091-92,2091,False,2092,1,
233,2092-93,2092,False,2093,1,
234,2093-94,2093,False,2094,1,
235,2094-95,2094,False,2095,1,
236,2095-96,2095,False,2096,1,
237,2096-97,2096,False,2097,1,
238,2097-98,2097,False,2098,1,
239,2098-99,2098,False,2099,1,
240,1980-82,1980,False,1982,2,
241,1981-83,1981,False,1983,2,
242,1982-84,1982,False,1984,2,
243,1983-85,1983,False,1985,2,
244,1984-86,1984,False,1986,2,
245,1985-87,1985,False,1987,2,
246,1986-88,1986,False,1988,2,
247,1987-89,1987,False,1989,2,
248,1988-90,1988,False,1990,2,
249,1989-91,1989,False,1991,2,
250,1990-92,1990,False,1992,2,
251,1991-93,1991,False,1993,2,
252,1992-94,1992,False,1994,2,
253,1993-95,1993,False,1995,2,
254,1994-96,1994,False,1996,2,
255,1995-97,1995,False,1997,2,
256,1996-98,1996,False,1998,2,
257,1997-99,1997,False,1999,2,
258,1998-00,1998,False,2000,2,
259,1999-01,1999,False,2001,2,
260,2000-02,2000,False,2002,2,
261,2001-03,2001,False,2003,2,
262,2002-04,2002,False,2004,2,
263,2003-05,2003,False,2005,2,
264,2004-06,2004,False,2006,2,
265,2005-07,2005,False,2007,2,
266,2006-08,2006,False,2008,2,
267,2007-09,2007,False,2009,2,
268,2008-10,2008,False,2010,2,
269,2009-11,2009,False,2011,2,
270,2010-12,2010,False,2012,2,
271,2011-13,2011,False,2013,2,
272,2012-14,2012,False,2014,2,
273,2013-15,2013,False,2015,2,
274,2014-16,2014,False,2016,2,
275,2015-17,2015,False,2017,2,
276,2016-18,2016,False,2018,2,
277,2017-19,2017,False,2019,2,
278,2018-20,2018,False,2020,2,
279,2019-21,2019,False,2021,2,
280,2020-22,2020,False,2022,2,
281,2021-23,2021,False,2023,2,
282,2022-24,2022,False,2024,2,
283,2023-25,2023,False,2025,2,
284,2024-26,2024,False,2026,2,
285,2025-27,2025,False,2027,2,
286,2026-28,2026,False,2028,2,
287,2027-29,2027,False,2029,2,
288,2028-30,2028,False,2030,2,
289,2029-31,2029,False,2031,2,
290,2030-32,2030,False,2032,2,
291,2031-33,2031,False,2033,2,
292,2032-34,2032,False,2034,2,
293,2033-35,2033,False,2035,2,
294,2034-36,2034,False,2036,2,
295,2035-37,2035,False,2037,2,
296,2036-38,2036,False,2038,2,
297,2037-39,2037,False,2039,2,
298,2038-40,2038,False,2040,2,
299,2039-41,2039,False,2041,2,
300,2040-42,2040,False,2042,2,
301,2041-43,2041,False,2043,2,
302,2042-44,2042,False,2044,2,
303,2043-45,2043,False,2045,2,
304,2044-46,2044,False,2046,2,
305,2045-47,2045,False,2047,2,
306,2046-48,2046,False,2048,2,
307,2047-49,2047,False,2049,2,
308,2048-50,2048,False,2050,2,
309,2049-51,2049,False,2051,2,
310,2050-52,2050,False,2052,2,
311,2051-53,2051,False,2053,2,
312,2052-54,2052,False,2054,2,
313,2053-55,2053,False,2055,2,
314,2054-56,2054,False,2056,2,
315,2055-57,2055,False,2057,2,
316,2056-58,2056,False,2058,2,
317,2057-59,2057,False,2059,2,
318,2058-60,2058,False,2060,2,
319,2059-61,2059,False,2061,2,
320,2060-62,2060,False,2062,2,
321,2061-63,2061,False,2063,2,
322,2062-64,2062,False,2064,2,
323,2063-65,2063,False,2065,2,
324,2064-66,2064,False,2066,2,
325,2065-67,2065,False,2067,2,
326,2066-68,2066,False,2068,2,
327,2067-69,2067,False,2069,2,
328,2068-70,2068,False,2070,2,
329,2069-71,2069,False,2071,2,
330,2070-72,2070,False,2072,2,
331,2071-73,2071,False,2073,2,
332,2072-74,2072,False,2074,2,
333,2073-75,2073,False,2075,2,
334,2074-76,2074,False,2076,2,
335,2075-77,2075,False,2077,2,
336,2076-78,2076,False,2078,2,
337,2077-79,2077,False,2079,2,
338,2078-80,2078,False,2080,2,
339,2079-81,2079,False,2081,2,
340,2080-82,2080,False,2082,2,
341,2081-83,2081,False,2083,2,
342,2082-84,2082,False,2084,2,
343,2083-85,2083,False,2085,2,
344,2084-86,2084,False,2086,2,
345,2085-87,2085,False,2087,2,
346,2086-88,2086,False,2088,2,
347,2087-89,2087,False,2089,2,
348,2088-90,2088,False,2090,2,
349,2089-91,2089,False,2091,2,
350,2090-92,2090,False,2092,2,
351,2091-93,2091,False,2093,2,
352,2092-94,2092,False,2094,2,
353,2093-95,2093,False,2095,2,
354,2094-96,2094,False,2096,2,
355,2095-97,2095,False,2097,2,
356,2096-98,2096,False,2098,2,
357,2097-99,2097,False,2099,2,
358,1980-83,1980,False,1983,3,
359,1981-84,1981,False,1984,3,
360,1982-85,1982,False,1985,3,
361,1983-86,1983,False,1986,3,
362,1984-87,1984,False,1987,3,
363,1985-88,1985,False,1988,3,
364,1986-89,1986,False,1989,3,
365,1987-90,1987,False,1990,3,
366,1988-91,1988,False,1991,3,
367,1989-92,1989,False,1992,3,
368,1990-93,1990,False,1993,3,
369,1991-94,1991,False,1994,3,
370,1992-95,1992,False,1995,3,
371,1993-96,1993,False,1996,3,
372,1994-97,1994,False,1997,3,
373,1995-98,1995,False,1998,3,
374,1996-99,1996,False,1999,3,
375,1997-00,1997,False,2000,3,
376,1998-01,1998,False,2001,3,
377,1999-02,1999,False,2002,3,
378,2000-03,2000,False,2003,3,
379,2001-04,2001,False,2004,3,
380,2002-05,2002,False,2005,3,
381,2003-06,2003,False,2006,3,
382,2004-07,2004,False,2007,3,
383,2005-08,2005,False,2008,3,
384,2006-09,2006,False,2009,3,
385,2007-10,2007,False,2010,3,
386,2008-11,2008,False,2011,3,
387,2009-12,2009,False,2012,3,
388,2010-13,2010,False,2013,3,
389,2011-14,2011,False,2014,3,
390,2012-15,2012,False,2015,3,
391,2013-16,2013,False,2016,3,
392,2014-17,2014,False,2017,3,
393,2015-18,2015,False,2018,3,
394,2016-19,2016,False,2019,3,
395,2017-20,2017,False,2020,3,
396,2018-21,2018,False,2021,3,
397,2019-22,2019,False,2022,3,
398,2020-23,2020,False,2023,3,
399,2021-24,2021,False,2024,3,
400,2022-25,2022,False,2025,3,
401,2023-26,2023,False,2026,3,
402,2024-27,2024,False,2027,3,
403,2025-28,2025,False,2028,3,
404,2026-29,2026,False,2029,3,
405,2027-30,2027,False,2030,3,
406,2028-31,2028,False,2031,3,
407,2029-32,2029,False,2032,3,
408,2030-33,2030,False,2033,3,
409,2031-34,2031,False,2034,3,
410,2032-35,2032,False,2035,3,
411,2033-36,2033,False,2036,3,
412,2034-37,2034,False,2037,3,
413,2035-38,2035,False,2038,3,
414,2036-39,2036,False,2039,3,
415,2037-40,2037,False,2040,3,
416,2038-41,2038,False,2041,3,
417,2039-42,2039,False,2042,3,
418,2040-43,2040,False,2043,3,
419,2041-44,2041,False,2044,3,
420,2042-45,2042,False,2045,3,
421,2043-46,2043,False,2046,3,
422,2044-47,2044,False,2047,3,
423,2045-48,2045,False,2048,3,
424,2046-49,2046,False,2049,3,
425,2047-50,2047,False,2050,3,
426,2048-51,2048,False,2051,3,
427,2049-52,2049,False,2052,3,
428,2050-53,2050,False,2053,3,
429,2051-54,2051,False,2054,3,
430,2052-55,2052,False,2055,3,
431,2053-56,2053,False,2056,3,
432,2054-57,2054,False,2057,3,
433,2055-58,2055,False,2058,3,
434,2056-59,2056,False,2059,3,
435,2057-60,2057,False,2060,3,
436,2058-61,2058,False,2061,3,
437,2059-62,2059,False,2062,3,
438,2060-63,2060,False,2063,3,
439,2061-64,2061,False,2064,3,
440,2062-65,2062,False,2065,3,
441,2063-66,2063,False,2066,3,
442,2064-67,2064,False,2067,3,
443,2065-68,2065,False,2068,3,
444,2066-69,2066,False,2069,3,
445,2067-70,2067,False,2070,3,
446,2068-71,2068,False,2071,3,
447,2069-72,2069,False,2072,3,
448,2070-73,2070,False,2073,3,
449,2071-74,2071,False,2074,3,
450,2072-75,2072,False,2075,3,
451,2073-76,2073,False,2076,3,
452,2074-77,2074,False,2077,3,
453,2075-78,2075,False,2078,3,
454,2076-79,2076,False,2079,3,
455,2077-80,2077,False,2080,3,
456,2078-81,2078,False,2081,3,
457,2079-82,2079,False,2082,3,
458,2080-83,2080,False,2083,3,
459,2081-84,2081,False,2084,3,
460,2082-85,2082,False,2085,3,
461,2083-86,2083,False,2086,3,
462,2084-87,2084,False,2087,3,
463,2085-88,2085,False,2088,3,
464,2086-89,2086,False,2089,3,
465,2087-90,2087,False,2090,3,
466,2088-91,2088,False,2091,3,
467,2089-92,2089,False,2092,3,
468,2090-93,2090,False,2093,3,
469,2091-94,2091,False,2094,3,
470,2092-95,2092,False,2095,3,
471,2093-96,2093,False,2096,3,
472,2094-97,2094,False,2097,3,
473,2095-98,2095,False,2098,3,
474,2096-99,2096,False,2099,3,
475,1980-84,1980,False,1984,4,
476,1981-85,1981,False,1985,4,
477,1982-86,1982,False,1986,4,
478,1983-87,1983,False,1987,4,
479,1984-88,1984,False,1988,4,
480,1985-89,1985,False,1989,4,
481,1986-90,1986,False,1990,4,
482,1987-91,1987,False,1991,4,
483,1988-92,1988,False,1992,4,
484,1989-93,1989,False,1993,4,
485,1990-94,1990,False,1994,4,
486,1991-95,1991,False,1995,4,
487,1992-96,1992,False,1996,4,
488,1993-97,1993,False,1997,4,
489,1994-98,1994,False,1998,4,
490,1995-99,1995,False,1999,4,
491,1996-00,1996,False,2000,4,
492,1997-01,1997,False,2001,4,
493,1998-02,1998,False,2002,4,
494,1999-03,1999,False,2003,4,
495,2000-04,2000,False,2004,4,
496,2001-05,2001,False,2005,4,
497,2002-06,2002,False,2006,4,
498,2003-07,2003,False,2007,4,
499,2004-08,2004,False,2008,4,
500,2005-09,2005,False,2009,4,
501,2006-10,2006,False,2010,4,
502,2007-11,2007,False,2011,4,
503,2008-12,2008,False,2012,4,
504,2009-13,2009,False,2013,4,
505,2010-14,2010,False,2014,4,
506,2011-15,2011,False,2015,4,
507,2012-16,2012,False,2016,4,
508,2013-17,2013,False,2017,4,
509,2014-18,2014,False,2018,4,
510,2015-19,2015,False,2019,4,
511,2016-20,2016,False,2020,4,
512,2017-21,2017,False,2021,4,
513,2018-22,2018,False,2022,4,
514,2019-23,2019,False,2023,4,
515,2020-24,2020,False,2024,4,
516,2021-25,2021,False,2025,4,
517,2022-26,2022,False,2026,4,
518,2023-27,2023,False,2027,4,
519,2024-28,2024,False,2028,4,
520,2025-29,2025,False,2029,4,
521,2026-30,2026,False,2030,4,
522,2027-31,2027,False,2031,4,
523,2028-32,2028,False,2032,4,
524,2029-33,2029,False,2033,4,
525,2030-34,2030,False,2034,4,
526,2031-35,2031,False,2035,4,
527,2032-36,2032,False,2036,4,
528,2033-37,2033,False,2037,4,
529,2034-38,2034,False,2038,4,
530,2035-39,2035,False,2039,4,
531,2036-40,2036,False,2040,4,
532,2037-41,2037,False,2041,4,
533,2038-42,2038,False,2042,4,
534,2039-43,2039,False,2043,4,
535,2040-44,2040,False,2044,4,
536,2041-45,2041,False,2045,4,
537,2042-46,2042,False,2046,4,
538,2043-47,2043,False,2047,4,
539,2044-48,2044,False,2048,4,
540,2045-49,2045,False,2049,4,
541,2046-50,2046,False,2050,4,
542,2047-51,2047,False,2051,4,
543,2048-52,2048,False,2052,4,
544,2049-53,2049,False,2053,4,
545,2050-54,2050,False,2054,4,
546,2051-55,2051,False,2055,4,
547,2052-56,2052,False,2056,4,
548,2053-57,2053,False,2057,4,
549,2054-58,2054,False,2058,4,
550,2055-59,2055,False,2059,4,
551,2056-60,2056,False,2060,4,
552,2057-61,2057,False,2061,4,
553,2058-62,2058,False,2062,4,
554,2059-63,2059,False,2063,4,
555,2060-64,2060,False,2064,4,
556,2061-65,2061,False,2065,4,
557,2062-66,2062,False,2066,4,
558,2063-67,2063,False,2067,4,
559,2064-68,2064,False,2068,4,
560,2065-69,2065,False,2069,4,
561,2066-70,2066,False,2070,4,
562,2067-71,2067,False,2071,4,
563,2068-72,2068,False,2072,4,
564,2069-73,2069,False,2073,4,
565,2070-74,2070,False,2074,4,
566,2071-75,2071,False,2075,4,
567,2072-76,2072,False,2076,4,
568,2073-77,2073,False,2077,4,
569,2074-78,2074,False,2078,4,
570,2075-79,2075,False,2079,4,
571,2076-80,2076,False,2080,4,
572,2077-81,2077,False,2081,4,
573,2078-82,2078,False,2082,4,
574,2079-83,2079,False,2083,4,
575,2080-84,2080,False,2084,4,
576,2081-85,2081,False,2085,4,
577,2082-86,2082,False,2086,4,
578,2083-87,2083,False,2087,4,
579,2084-88,2084,False,2088,4,
580,2085-89,2085,False,2089,4,
581,2086-90,2086,False,2090,4,
582,2087-91,2087,False,2091,4,
583,2088-92,2088,False,2092,4,
584,2089-93,2089,False,2093,4,
585,2090-94,2090,False,2094,4,
586,2091-95,2091,False,2095,4,
587,2092-96,2092,False,2096,4,
588,2093-97,2093,False,2097,4,
589,2094-98,2094,False,2098,4,
590,2095-99,2095,False,2099,4,
591,1980-85,1980,False,1985,5,
592,1981-86,1981,False,1986,5,
593,1982-87,1982,False,1987,5,
594,1983-88,1983,False,1988,5,
595,1984-89,1984,False,1989,5,
596,1985-90,1985,False,1990,5,
597,1986-91,1986,False,1991,5,
598,1987-92,1987,False,1992,5,
599,1988-93,1988,False,1993,5,
600,1989-94,1989,False,1994,5,
601,1990-95,1990,False,1995,5,
602,1991-96,1991,False,1996,5,
603,1992-97,1992,False,1997,5,
604,1993-98,1993,False,1998,5,
605,1994-99,1994,False,1999,5,
606,1995-00,1995,False,2000,5,
607,1996-01,1996,False,2001,5,
608,1997-02,1997,False,2002,5,
609,1998-03,1998,False,2003,5,
610,1999-04,1999,False,2004,5,
611,2000-05,2000,False,2005,5,
612,2001-06,2001,False,2006,5,
613,2002-07,2002,False,2007,5,
614,2003-08,2003,False,2008,5,
615,2004-09,2004,False,2009,5,
616,2005-10,2005,False,2010,5,
617,2006-11,2006,False,2011,5,
618,2007-12,2007,False,2012,5,
619,2008-13,2008,False,2013,5,
620,2009-14,2009,False,2014,5,
621,2010-15,2010,False,2015,5,
622,2011-16,2011,False,2016,5,
623,2012-17,2012,False,2017,5,
624,2013-18,2013,False,2018,5,
625,2014-19,2014,False,2019,5,
626,2015-20,2015,False,2020,5,
627,2016-21,2016,False,2021,5,
628,2017-22,2017,False,2022,5,
629,2018-23,2018,False,2023,5,
630,2019-24,2019,False,2024,5,
631,2020-25,2020,False,2025,5,
632,2021-26,2021,False,2026,5,
633,2022-27,2022,False,2027,5,
634,2023-28,2023,False,2028,5,
635,2024-29,2024,False,2029,5,
636,2025-30,2025,False,2030,5,
637,2026-31,2026,False,2031,5,
638,2027-32,2027,False,2032,5,
639,2028-33,2028,False,2033,5,
640,2029-34,2029,False,2034,5,
641,2030-35,2030,False,2035,5,
642,2031-36,2031,False,2036,5,
643,2032-37,2032,False,2037,5,
644,2033-38,2033,False,2038,5,
645,2034-39,2034,False,2039,5,
646,2035-40,2035,False,2040,5,
647,2036-41,2036,False,2041,5,
648,2037-42,2037,False,2042,5,
649,2038-43,2038,False,2043,5,
650,2039-44,2039,False,2044,5,
651,2040-45,2040,False,2045,5,
652,2041-46,2041,False,2046,5,
653,2042-47,2042,False,2047,5,
654,2043-48,2043,False,2048,5,
655,2044-49,2044,False,2049,5,
656,2045-50,2045,False,2050,5,
657,2046-51,2046,False,2051,5,
658,2047-52,2047,False,2052,5,
659,2048-53,2048,False,2053,5,
660,2049-54,2049,False,2054,5,
661,2050-55,2050,False,2055,5,
662,2051-56,2051,False,2056,5,
663,2052-57,2052,False,2057,5,
664,2053-58,2053,False,2058,5,
665,2054-59,2054,False,2059,5,
666,2055-60,2055,False,2060,5,
667,2056-61,2056,False,2061,5,
668,2057-62,2057,False,2062,5,
669,2058-63,2058,False,2063,5,
670,2059-64,2059,False,2064,5,
671,2060-65,2060,False,2065,5,
672,2061-66,2061,False,2066,5,
673,2062-67,2062,False,2067,5,
674,2063-68,2063,False,2068,5,
675,2064-69,2064,False,2069,5,
676,2065-70,2065,False,2070,5,
677,2066-71,2066,False,2071,5,
678,2067-72,2067,False,2072,5,
679,2068-73,2068,False,2073,5,
680,2069-74,2069,False,2074,5,
681,2070-75,2070,False,2075,5,
682,2071-76,2071,False,2076,5,
683,2072-77,2072,False,2077,5,
684,2073-78,2073,False,2078,5,
685,2074-79,2074,False,2079,5,
686,2075-80,2075,False,2080,5,
687,2076-81,2076,False,2081,5,
688,2077-82,2077,False,2082,5,
689,2078-83,2078,False,2083,5,
690,2079-84,2079,False,2084,5,
691,2080-85,2080,False,2085,5,
692,2081-86,2081,False,2086,5,
693,2082-87,2082,False,2087,5,
694,2083-88,2083,False,2088,5,
695,2084-89,2084,False,2089,5,
696,2085-90,2085,False,2090,5,
697,2086-91,2086,False,2091,5,
698,2087-92,2087,False,2092,5,
699,2088-93,2088,False,2093,5,
700,2089-94,2089,False,2094,5,
701,2090-95,2090,False,2095,5,
702,2091-96,2091,False,2096,5,
703,2092-97,2092,False,2097,5,
704,2093-98,2093,False,2098,5,
705,2094-99,2094,False,2099,5,
706,1980-86,1980,False,1986,6,
707,1981-87,1981,False,1987,6,
708,1982-88,1982,False,1988,6,
709,1983-89,1983,False,1989,6,
710,1984-90,1984,False,1990,6,
711,1985-91,1985,False,1991,6,
712,1986-92,1986,False,1992,6,
713,1987-93,1987,False,1993,6,
714,1988-94,1988,False,1994,6,
715,1989-95,1989,False,1995,6,
716,1990-96,1990,False,1996,6,
717,1991-97,1991,False,1997,6,
718,1992-98,1992,False,1998,6,
719,1993-99,1993,False,1999,6,
720,1994-00,1994,False,2000,6,
721,1995-01,1995,False,2001,6,
722,1996-02,1996,False,2002,6,
723,1997-03,1997,False,2003,6,
724,1998-04,1998,False,2004,6,
725,1999-05,1999,False,2005,6,
726,2000-06,2000,False,2006,6,
727,2001-07,2001,False,2007,6,
728,2002-08,2002,False,2008,6,
729,2003-09,2003,False,2009,6,
730,2004-10,2004,False,2010,6,
731,2005-11,2005,False,2011,6,
732,2006-12,2006,False,2012,6,
733,2007-13,2007,False,2013,6,
734,2008-14,2008,False,2014,6,
735,2009-15,2009,False,2015,6,
736,2010-16,2010,False,2016,6,
737,2011-17,2011,False,2017,6,
738,2012-18,2012,False,2018,6,
739,2013-19,2013,False,2019,6,
740,2014-20,2014,False,2020,6,
741,2015-21,2015,False,2021,6,
742,2016-22,2016,False,2022,6,
743,2017-23,2017,False,2023,6,
744,2018-24,2018,False,2024,6,
745,2019-25,2019,False,2025,6,
746,2020-26,2020,False,2026,6,
747,2021-27,2021,False,2027,6,
748,2022-28,2022,False,2028,6,
749,2023-29,2023,False,2029,6,
750,2024-30,2024,False,2030,6,
751,2025-31,2025,False,2031,6,
752,2026-32,2026,False,2032,6,
753,2027-33,2027,False,2033,6,
754,2028-34,2028,False,2034,6,
755,2029-35,2029,False,2035,6,
756,2030-36,2030,False,2036,6,
757,2031-37,2031,False,2037,6,
758,2032-38,2032,False,2038,6,
759,2033-39,2033,False,2039,6,
760,2034-40,2034,False,2040,6,
761,2035-41,2035,False,2041,6,
762,2036-42,2036,False,2042,6,
763,2037-43,2037,False,2043,6,
764,2038-44,2038,False,2044,6,
765,2039-45,2039,False,2045,6,
766,2040-46,2040,False,2046,6,
767,2041-47,2041,False,2047,6,
768,2042-48,2042,False,2048,6,
769,2043-49,2043,False,2049,6,
770,2044-50,2044,False,2050,6,
771,2045-51,2045,False,2051,6,
772,2046-52,2046,False,2052,6,
773,2047-53,2047,False,2053,6,
774,2048-54,2048,False,2054,6,
775,2049-55,2049,False,2055,6,
776,2050-56,2050,False,2056,6,
777,2051-57,2051,False,2057,6,
778,2052-58,2052,False,2058,6,
779,2053-59,2053,False,2059,6,
780,2054-60,2054,False,2060,6,
781,2055-61,2055,False,2061,6,
782,2056-62,2056,False,2062,6,
783,2057-63,2057,False,2063,6,
784,2058-64,2058,False,2064,6,
785,2059-65,2059,False,2065,6,
786,2060-66,2060,False,2066,6,
787,2061-67,2061,False,2067,6,
788,2062-68,2062,False,2068,6,
789,2063-69,2063,False,2069,6,
790,2064-70,2064,False,2070,6,
791,2065-71,2065,False,2071,6,
792,2066-72,2066,False,2072,6,
793,2067-73,2067,False,2073,6,
794,2068-74,2068,False,2074,6,
795,2069-75,2069,False,2075,6,
796,2070-76,2070,False,2076,6,
797,2071-77,2071,False,2077,6,
798,2072-78,2072,False,2078,6,
799,2073-79,2073,False,2079,6,
800,2074-80,2074,False,2080,6,
801,2075-81,2075,False,2081,6,
802,2076-82,2076,False,2082,6,
803,2077-83,2077,False,2083,6,
804,2078-84,2078,False,2084,6,
805,2079-85,2079,False,2085,6,
806,2080-86,2080,False,2086,6,
807,2081-87,2081,False,2087,6,
808,2082-88,2082,False,2088,6,
809,2083-89,2083,False,2089,6,
810,2084-90,2084,False,2090,6,
811,2085-91,2085,False,2091,6,
812,2086-92,2086,False,2092,6,
813,2087-93,2087,False,2093,6,
814,2088-94,2088,False,2094,6,
815,2089-95,2089,False,2095,6,
816,2090-96,2090,False,2096,6,
817,2091-97,2091,False,2097,6,
818,2092-98,2092,False,2098,6,
819,2093-99,2093,False,2099,6,
820,1980-87,1980,False,1987,7,
821,1981-88,1981,False,1988,7,
822,1982-89,1982,False,1989,7,
823,1983-90,1983,False,1990,7,
824,1984-91,1984,False,1991,7,
825,1985-92,1985,False,1992,7,
826,1986-93,1986,False,1993,7,
827,1987-94,1987,False,1994,7,
828,1988-95,1988,False,1995,7,
829,1989-96,1989,False,1996,7,
830,1990-97,1990,False,1997,7,
831,1991-98,1991,False,1998,7,
832,1992-99,1992,False,1999,7,
833,1993-00,1993,False,2000,7,
834,1994-01,1994,False,2001,7,
835,1995-02,1995,False,2002,7,
836,1996-03,1996,False,2003,7,
837,1997-04,1997,False,2004,7,
838,1998-05,1998,False,2005,7,
839,1999-06,1999,False,2006,7,
840,2000-07,2000,False,2007,7,
841,2001-08,2001,False,2008,7,
842,2002-09,2002,False,2009,7,
843,2003-10,2003,False,2010,7,
844,2004-11,2004,False,2011,7,
845,2005-12,2005,False,2012,7,
846,2006-13,2006,False,2013,7,
847,2007-14,2007,False,2014,7,
848,2008-15,2008,False,2015,7,
849,2009-16,2009,False,2016,7,
850,2010-17,2010,False,2017,7,
851,2011-18,2011,False,2018,7,
852,2012-19,2012,False,2019,7,
853,2013-20,2013,False,2020,7,
854,2014-21,2014,False,2021,7,
855,2015-22,2015,False,2022,7,
856,2016-23,2016,False,2023,7,
857,2017-24,2017,False,2024,7,
858,2018-25,2018,False,2025,7,
859,2019-26,2019,False,2026,7,
860,2020-27,2020,False,2027,7,
861,2021-28,2021,False,2028,7,
862,2022-29,2022,False,2029,7,
863,2023-30,2023,False,2030,7,
864,2024-31,2024,False,2031,7,
865,2025-32,2025,False,2032,7,
866,2026-33,2026,False,2033,7,
867,2027-34,2027,False,2034,7,
868,2028-35,2028,False,2035,7,
869,2029-36,2029,False,2036,7,
870,2030-37,2030,False,2037,7,
871,2031-38,2031,False,2038,7,
872,2032-39,2032,False,2039,7,
873,2033-40,2033,False,2040,7,
874,2034-41,2034,False,2041,7,
875,2035-42,2035,False,2042,7,
876,2036-43,2036,False,2043,7,
877,2037-44,2037,False,2044,7,
878,2038-45,2038,False,2045,7,
879,2039-46,2039,False,2046,7,
880,2040-47,2040,False,2047,7,
881,2041-48,2041,False,2048,7,
882,2042-49,2042,False,2049,7,
883,2043-50,2043,False,2050,7,
884,2044-51,2044,False,2051,7,
885,2045-52,2045,False,2052,7,
886,2046-53,2046,False,2053,7,
887,2047-54,2047,False,2054,7,
888,2048-55,2048,False,2055,7,
889,2049-56,2049,False,2056,7,
890,2050-57,2050,False,2057,7,
891,2051-58,2051,False,2058,7,
892,2052-59,2052,False,2059,7,
893,2053-60,2053,False,2060,7,
894,2054-61,2054,False,2061,7,
895,2055-62,2055,False,2062,7,
896,2056-63,2056,False,2063,7,
897,2057-64,2057,False,2064,7,
898,2058-65,2058,False,2065,7,
899,2059-66,2059,False,2066,7,
900,2060-67,2060,False,2067,7,
901,2061-68,2061,False,2068,7,
902,2062-69,2062,False,2069,7,
903,2063-70,2063,False,2070,7,
904,2064-71,2064,False,2071,7,
905,2065-72,2065,False,2072,7,
906,2066-73,2066,False,2073,7,
907,2067-74,2067,False,2074,7,
908,2068-75,2068,False,2075,7,
909,2069-76,2069,False,2076,7,
910,2070-77,2070,False,2077,7,
911,2071-78,2071,False,2078,7,
912,2072-79,2072,False,2079,7,
913,2073-80,2073,False,2080,7,
914,2074-81,2074,False,2081,7,
915,2075-82,2075,False,2082,7,
916,2076-83,2076,False,2083,7,
917,2077-84,2077,False,2084,7,
918,2078-85,2078,False,2085,7,
919,2079-86,2079,False,2086,7,
920,2080-87,2080,False,2087,7,
921,2081-88,2081,False,2088,7,
922,2082-89,2082,False,2089,7,
923,2083-90,2083,False,2090,7,
924,2084-91,2084,False,2091,7,
925,2085-92,2085,False,2092,7,
926,2086-93,2086,False,2093,7,
927,2087-94,2087,False,2094,7,
928,2088-95,2088,False,2095,7,
929,2089-96,2089,False,2096,7,
930,2090-97,2090,False,2097,7,
931,2091-98,2091,False,2098,7,
932,2092-99,2092,False,2099,7,
933,1980-88,1980,False,1988,8,
934,1981-89,1981,False,1989,8,
935,1982-90,1982,False,1990,8,
936,1983-91,1983,False,1991,8,
937,1984-92,1984,False,1992,8,
938,1985-93,1985,False,1993,8,
939,1986-94,1986,False,1994,8,
940,1987-95,1987,False,1995,8,
941,1988-96,1988,False,1996,8,
942,1989-97,1989,False,1997,8,
943,1990-98,1990,False,1998,8,
944,1991-99,1991,False,1999,8,
945,1992-00,1992,False,2000,8,
946,1993-01,1993,False,2001,8,
947,1994-02,1994,False,2002,8,
948,1995-03,1995,False,2003,8,
949,1996-04,1996,False,2004,8,
950,1997-05,1997,False,2005,8,
951,1998-06,1998,False,2006,8,
952,1999-07,1999,False,2007,8,
953,2000-08,2000,False,2008,8,
954,2001-09,2001,False,2009,8,
955,2002-10,2002,False,2010,8,
956,2003-11,2003,False,2011,8,
957,2004-12,2004,False,2012,8,
958,2005-13,2005,False,2013,8,
959,2006-14,2006,False,2014,8,
960,2007-15,2007,False,2015,8,
961,2008-16,2008,False,2016,8,
962,2009-17,2009,False,2017,8,
963,2010-18,2010,False,2018,8,
964,2011-19,2011,False,2019,8,
965,2012-20,2012,False,2020,8,
966,2013-21,2013,False,2021,8,
967,2014-22,2014,False,2022,8,
968,2015-23,2015,False,2023,8,
969,2016-24,2016,False,2024,8,
970,2017-25,2017,False,2025,8,
971,2018-26,2018,False,2026,8,
972,2019-27,2019,False,2027,8,
973,2020-28,2020,False,2028,8,
974,2021-29,2021,False,2029,8,
975,2022-30,2022,False,2030,8,
976,2023-31,2023,False,2031,8,
977,2024-32,2024,False,2032,8,
978,2025-33,2025,False,2033,8,
979,2026-34,2026,False,2034,8,
980,2027-35,2027,False,2035,8,
981,2028-36,2028,False,2036,8,
982,2029-37,2029,False,2037,8,
983,2030-38,2030,False,2038,8,
984,2031-39,2031,False,2039,8,
985,2032-40,2032,False,2040,8,
986,2033-41,2033,False,2041,8,
987,2034-42,2034,False,2042,8,
988,2035-43,2035,False,2043,8,
989,2036-44,2036,False,2044,8,
990,2037-45,2037,False,2045,8,
991,2038-46,2038,False,2046,8,
992,2039-47,2039,False,2047,8,
993,2040-48,2040,False,2048,8,
994,2041-49,2041,False,2049,8,
995,2042-50,2042,False,2050,8,
996,2043-51,2043,False,2051,8,
997,2044-52,2044,False,2052,8,
998,2045-53,2045,False,2053,8,
999,2046-54,2046,False,2054,8,
1000,2047-55,2047,False,2055,8,
1001,2048-56,2048,False,2056,8,
1002,2049-57,2049,False,2057,8,
1003,2050-58,2050,False,2058,8,
1004,2051-59,2051,False,2059,8,
1005,2052-60,2052,False,2060,8,
1006,2053-61,2053,False,2061,8,
1007,2054-62,2054,False,2062,8,
1008,2055-63,2055,False,2063,8,
1009,2056-64,2056,False,2064,8,
1010,2057-65,2057,False,2065,8,
1011,2058-66,2058,False,2066,8,
1012,2059-67,2059,False,2067,8,
1013,2060-68,2060,False,2068,8,
1014,2061-69,2061,False,2069,8,
1015,2062-70,2062,False,2070,8,
1016,2063-71,2063,False,2071,8,
1017,2064-72,2064,False,2072,8,
1018,2065-73,2065,False,2073,8,
1019,2066-74,2066,False,2074,8,
1020,2067-75,2067,False,2075,8,
1021,2068-76,2068,False,2076,8,
1022,2069-77,2069,False,2077,8,
1023,2070-78,2070,False,2078,8,
1024,2071-79,2071,False,2079,8,
1025,2072-80,2072,False,2080,8,
1026,2073-81,2073,False,2081,8,
1027,2074-82,2074,False,2082,8,
1028,2075-83,2075,False,2083,8,
1029,2076-84,2076,False,2084,8,
1030,2077-85,2077,False,2085,8,
1031,2078-86,2078,False,2086,8,
1032,2079-87,2079,False,2087,8,
1033,2080-88,2080,False,2088,8,
1034,2081-89,2081,False,2089,8,
1035,2082-90,2082,False,2090,8,
1036,2083-91,2083,False,2091,8,
1037,2084-92,2084,False,2092,8,
1038,2085-93,2085,False,2093,8,
1039,2086-94,2086,False,2094,8,
1040,2087-95,2087,False,2095,8,
1041,2088-96,2088,False,2096,8,
1042,2089-97,2089,False,2097,8,
1043,2090-98,2090,False,2098,8,
1044,2091-99,2091,False,2099,8,
1045,1980-89,1980,False,1989,9,
1046,1981-90,1981,False,1990,9,
1047,1982-91,1982,False,1991,9,
1048,1983-92,1983,False,1992,9,
1049,1984-93,1984,False,1993,9,
1050,1985-94,1985,False,1994,9,
1051,1986-95,1986,False,1995,9,
1052,1987-96,1987,False,1996,9,
1053,1988-97,1988,False,1997,9,
1054,1989-98,1989,False,1998,9,
1055,1990-99,1990,False,1999,9,
1056,1991-00,1991,False,2000,9,
1057,1992-01,1992,False,2001,9,
1058,1993-02,1993,False,2002,9,
1059,1994-03,1994,False,2003,9,
1060,1995-04,1995,False,2004,9,
1061,1996-05,1996,False,2005,9,
1062,1997-06,1997,False,2006,9,
1063,1998-07,1998,False,2007,9,
1064,1999-08,1999,False,2008,9,
1065,2000-09,2000,False,2009,9,
1066,2001-10,2001,False,2010,9,
1067,2002-11,2002,False,2011,9,
1068,2003-12,2003,False,2012,9,
1069,2004-13,2004,False,2013,9,
1070,2005-14,2005,False,2014,9,
1071,2006-15,2006,False,2015,9,
1072,2007-16,2007,False,2016,9,
1073,2008-17,2008,False,2017,9,
1074,2009-18,2009,False,2018,9,
1075,2010-19,2010,False,2019,9,
1076,2011-20,2011,False,2020,9,
1077,2012-21,2012,False,2021,9,
1078,2013-22,2013,False,2022,9,
1079,2014-23,2014,False,2023,9,
1080,2015-24,2015,False,2024,9,
1081,2016-25,2016,False,2025,9,
1082,2017-26,2017,False,2026,9,
1083,2018-27,2018,False,2027,9,
1084,2019-28,2019,False,2028,9,
1085,2020-29,2020,False,2029,9,
1086,2021-30,2021,False,2030,9,
1087,2022-31,2022,False,2031,9,
1088,2023-32,2023,False,2032,9,
1089,2024-33,2024,False,2033,9,
1090,2025-34,2025,False,2034,9,
1091,2026-35,2026,False,2035,9,
1092,2027-36,2027,False,2036,9,
1093,2028-37,2028,False,2037,9,
1094,2029-38,2029,False,2038,9,
1095,2030-39,2030,False,2039,9,
1096,2031-40,2031,False,2040,9,
1097,2032-41,2032,False,2041,9,
1098,2033-42,2033,False,2042,9,
1099,2034-43,2034,False,2043,9,
1100,2035-44,2035,False,2044,9,
1101,2036-45,2036,False,2045,9,
1102,2037-46,2037,False,2046,9,
1103,2038-47,2038,False,2047,9,
1104,2039-48,2039,False,2048,9,
1105,2040-49,2040,False,2049,9,
1106,2041-50,2041,False,2050,9,
1107,2042-51,2042,False,2051,9,
1108,2043-52,2043,False,2052,9,
1109,2044-53,2044,False,2053,9,
1110,2045-54,2045,False,2054,9,
1111,2046-55,2046,False,2055,9,
1112,2047-56,2047,False,2056,9,
1113,2048-57,2048,False,2057,9,
1114,2049-58,2049,False,2058,9,
1115,2050-59,2050,False,2059,9,
1116,2051-60,2051,False,2060,9,
1117,2052-61,2052,False,2061,9,
1118,2053-62,2053,False,2062,9,
1119,2054-63,2054,False,2063,9,
1120,2055-64,2055,False,2064,9,
1121,2056-65,2056,False,2065,9,
1122,2057-66,2057,False,2066,9,
1123,2058-67,2058,False,2067,9,
1124,2059-68,2059,False,2068,9,
1125,2060-69,2060,False,2069,9,
1126,2061-70,2061,False,2070,9,
1127,2062-71,2062,False,2071,9,
1128,2063-72,2063,False,2072,9,
1129,2064-73,2064,False,2073,9,
1130,2065-74,2065,False,2074,9,
1131,2066-75,2066,False,2075,9,
1132,2067-76,2067,False,2076,9,
1133,2068-77,2068,False,2077,9,
1134,2069-78,2069,False,2078,9,
1135,2070-79,2070,False,2079,9,
1136,2071-80,2071,False,2080,9,
1137,2072-81,2072,False,2081,9,
1138,2073-82,2073,False,2082,9,
1139,2074-83,2074,False,2083,9,
1140,2075-84,2075,False,2084,9,
1141,2076-85,2076,False,2085,9,
1142,2077-86,2077,False,2086,9,
1143,2078-87,2078,False,2087,9,
1144,2079-88,2079,False,2088,9,
1145,2080-89,2080,False,2089,9,
1146,2081-90,2081,False,2090,9,
1147,2082-91,2082,False,2091,9,
1148,2083-92,2083,False,2092,9,
1149,2084-93,2084,False,2093,9,
1150,2085-94,2085,False,2094,9,
1151,2086-95,2086,False,2095,9,
1152,2087-96,2087,False,2096,9,
1153,2088-97,2088,False,2097,9,
1154,2089-98,2089,False,2098,9,
1155,2090-99,2090,False,2099,9,
1156,1980-90,1980,False,1990,10,
1157,1981-91,1981,False,1991,10,
1158,1982-92,1982,False,1992,10,
1159,1983-93,1983,False,1993,10,
1160,1984-94,1984,False,1994,10,
1161,1985-95,1985,False,1995,10,
1162,1986-96,1986,False,1996,10,
1163,1987-97,1987,False,1997,10,
1164,1988-98,1988,False,1998,10,
1165,1989-99,1989,False,1999,10,
1166,1990-00,1990,False,2000,10,
1167,1991-01,1991,False,2001,10,
1168,1992-02,1992,False,2002,10,
1169,1993-03,1993,False,2003,10,
1170,1994-04,1994,False,2004,10,
1171,1995-05,1995,False,2005,10,
1172,1996-06,1996,False,2006,10,
1173,1997-07,1997,False,2007,10,
1174,1998-08,1998,False,2008,10,
1175,1999-09,1999,False,2009,10,
1176,2000-10,2000,False,2010,10,
1177,2001-11,2001,False,2011,10,
1178,2002-12,2002,False,2012,10,
1179,2003-13,2003,False,2013,10,
1180,2004-14,2004,False,2014,10,
1181,2005-15,2005,False,2015,10,
1182,2006-16,2006,False,2016,10,
1183,2007-17,2007,False,2017,10,
1184,2008-18,2008,False,2018,10,
1185,2009-19,2009,False,2019,10,
1186,2010-20,2010,False,2020,10,
1187,2011-21,2011,False,2021,10,
1188,2012-22,2012,False,2022,10,
1189,2013-23,2013,False,2023,10,
1190,2014-24,2014,False,2024,10,
1191,2015-25,2015,False,2025,10,
1192,2016-26,2016,False,2026,10,
1193,2017-27,2017,False,2027,10,
1194,2018-28,2018,False,2028,10,
1195,2019-29,2019,False,2029,10,
1196,2020-30,2020,False,2030,10,
1197,2021-31,2021,False,2031,10,
1198,2022-32,2022,False,2032,10,
1199,2023-33,2023,False,2033,10,
1200,2024-34,2024,False,2034,10,
1201,2025-35,2025,False,2035,10,
1202,2026-36,2026,False,2036,10,
1203,2027-37,2027,False,2037,10,
1204,2028-38,2028,False,2038,10,
1205,2029-39,2029,False,2039,10,
1206,2030-40,2030,False,2040,10,
1207,2031-41,2031,False,2041,10,
1208,2032-42,2032,False,2042,10,
1209,2033-43,2033,False,2043,10,
1210,2034-44,2034,False,2044,10,
1211,2035-45,2035,False,2045,10,
1212,2036-46,2036,False,2046,10,
1213,2037-47,2037,False,2047,10,
1214,2038-48,2038,False,2048,10,
1215,2039-49,2039,False,2049,10,
1216,2040-50,2040,False,2050,10,
1217,2041-51,2041,False,2051,10,
1218,2042-52,2042,False,2052,10,
1219,2043-53,2043,False,2053,10,
1220,2044-54,2044,False,2054,10,
1221,2045-55,2045,False,2055,10,
1222,2046-56,2046,False,2056,10,
1223,2047-57,2047,False,2057,10,
1224,2048-58,2048,False,2058,10,
1225,2049-59,2049,False,2059,10,
1226,2050-60,2050,False,2060,10,
1227,2051-61,2051,False,2061,10,
1228,2052-62,2052,False,2062,10,
1229,2053-63,2053,False,2063,10,
1230,2054-64,2054,False,2064,10,
1231,2055-65,2055,False,2065,10,
1232,2056-66,2056,False,2066,10,
1233,2057-67,2057,False,2067,10,
1234,2058-68,2058,False,2068,10,
1235,2059-69,2059,False,2069,10,
1236,2060-70,2060,False,2070,10,
1237,2061-71,2061,False,2071,10,
1238,2062-72,2062,False,2072,10,
1239,2063-73,2063,False,2073,10,
1240,2064-74,2064,False,2074,10,
1241,2065-75,2065,False,2075,10,
1242,2066-76,2066,False,2076,10,
1243,2067-77,2067,False,2077,10,
1244,2068-78,2068,False,2078,10,
1245,2069-79,2069,False,2079,10,
1246,2070-80,2070,False,2080,10,
1247,2071-81,2071,False,2081,10,
1248,2072-82,2072,False,2082,10,
1249,2073-83,2073,False,2083,10,
1250,2074-84,2074,False,2084,10,
1251,2075-85,2075,False,2085,10,
1252,2076-86,2076,False,2086,10,
1253,2077-87,2077,False,2087,10,
1254,2078-88,2078,False,2088,10,
1255,2079-89,2079,False,2089,10,
1256,2080-90,2080,False,2090,10,
1257,2081-91,2081,False,2091,10,
1258,2082-92,2082,False,2092,10,
1259,2083-93,2083,False,2093,10,
1260,2084-94,2084,False,2094,10,
1261,2085-95,2085,False,2095,10,
1262,2086-96,2086,False,2096,10,
1263,2087-97,2087,False,2097,10,
1264,2088-98,2088,False,2098,10,
1265,2089-99,2089,False,2099,10,
1266,1980-91,1980,False,1991,11,
1267,1981-92,1981,False,1992,11,
1268,1982-93,1982,False,1993,11,
1269,1983-94,1983,False,1994,11,
1270,1984-95,1984,False,1995,11,
1271,1985-96,1985,False,1996,11,
1272,1986-97,1986,False,1997,11,
1273,1987-98,1987,False,1998,11,
1274,1988-99,1988,False,1999,11,
1275,1989-00,1989,False,2000,11,
1276,1990-01,1990,False,2001,11,
1277,1991-02,1991,False,2002,11,
1278,1992-03,1992,False,2003,11,
1279,1993-04,1993,False,2004,11,
1280,1994-05,1994,False,2005,11,
1281,1995-06,1995,False,2006,11,
1282,1996-07,1996,False,2007,11,
1283,1997-08,1997,False,2008,11,
1284,1998-09,1998,False,2009,11,
1285,1999-10,1999,False,2010,11,
1286,2000-11,2000,False,2011,11,
1287,2001-12,2001,False,2012,11,
1288,2002-13,2002,False,2013,11,
1289,2003-14,2003,False,2014,11,
1290,2004-15,2004,False,2015,11,
1291,2005-16,2005,False,2016,11,
1292,2006-17,2006,False,2017,11,
1293,2007-18,2007,False,2018,11,
1294,2008-19,2008,False,2019,11,
1295,2009-20,2009,False,2020,11,
1296,2010-21,2010,False,2021,11,
1297,2011-22,2011,False,2022,11,
1298,2012-23,2012,False,2023,11,
1299,2013-24,2013,False,2024,11,
1300,2014-25,2014,False,2025,11,
1301,2015-26,2015,False,2026,11,
1302,2016-27,2016,False,2027,11,
1303,2017-28,2017,False,2028,11,
1304,2018-29,2018,False,2029,11,
1305,2019-30,2019,False,2030,11,
1306,2020-31,2020,False,2031,11,
1307,2021-32,2021,False,2032,11,
1308,2022-33,2022,False,2033,11,
1309,2023-34,2023,False,2034,11,
1310,2024-35,2024,False,2035,11,
1311,2025-36,2025,False,2036,11,
1312,2026-37,2026,False,2037,11,
1313,2027-38,2027,False,2038,11,
1314,2028-39,2028,False,2039,11,
1315,2029-40,2029,False,2040,11,
1316,2030-41,2030,False,2041,11,
1317,2031-42,2031,False,2042,11,
1318,2032-43,2032,False,2043,11,
1319,2033-44,2033,False,2044,11,
1320,2034-45,2034,False,2045,11,
1321,2035-46,2035,False,2046,11,
1322,2036-47,2036,False,2047,11,
1323,2037-48,2037,False,2048,11,
1324,2038-49,2038,False,2049,11,
1325,2039-50,2039,False,2050,11,
1326,2040-51,2040,False,2051,11,
1327,2041-52,2041,False,2052,11,
1328,2042-53,2042,False,2053,11,
1329,2043-54,2043,False,2054,11,
1330,2044-55,2044,False,2055,11,
1331,2045-56,2045,False,2056,11,
1332,2046-57,2046,False,2057,11,
1333,2047-58,2047,False,2058,11,
1334,2048-59,2048,False,2059,11,
1335,2049-60,2049,False,2060,11,
1336,2050-61,2050,False,2061,11,
1337,2051-62,2051,False,2062,11,
1338,2052-63,2052,False,2063,11,
1339,2053-64,2053,False,2064,11,
1340,2054-65,2054,False,2065,11,
1341,2055-66,2055,False,2066,11,
1342,2056-67,2056,False,2067,11,
1343,2057-68,2057,False,2068,11,
1344,2058-69,2058,False,2069,11,
1345,2059-70,2059,False,2070,11,
1346,2060-71,2060,False,2071,11,
1347,2061-72,2061,False,2072,11,
1348,2062-73,2062,False,2073,11,
1349,2063-74,2063,False,2074,11,
1350,2064-75,2064,False,2075,11,
1351,2065-76,2065,False,2076,11,
1352,2066-77,2066,False,2077,11,
1353,2067-78,2067,False,2078,11,
1354,2068-79,2068,False,2079,11,
1355,2069-80,2069,False,2080,11,
1356,2070-81,2070,False,2081,11,
1357,2071-82,2071,False,2082,11,
1358,2072-83,2072,False,2083,11,
1359,2073-84,2073,False,2084,11,
1360,2074-85,2074,False,2085,11,
1361,2075-86,2075,False,2086,11,
1362,2076-87,2076,False,2087,11,
1363,2077-88,2077,False,2088,11,
1364,2078-89,2078,False,2089,11,
1365,2079-90,2079,False,2090,11,
1366,2080-91,2080,False,2091,11,
1367,2081-92,2081,False,2092,11,
1368,2082-93,2082,False,2093,11,
1369,2083-94,2083,False,2094,11,
1370,2084-95,2084,False,2095,11,
1371,2085-96,2085,False,2096,11,
1372,2086-97,2086,False,2097,11,
1373,2087-98,2087,False,2098,11,
1374,2088-99,2088,False,2099,11,
1375,1980-92,1980,False,1992,12,
1376,1981-93,1981,False,1993,12,
1377,1982-94,1982,False,1994,12,
1378,1983-95,1983,False,1995,12,
1379,1984-96,1984,False,1996,12,
1380,1985-97,1985,False,1997,12,
1381,1986-98,1986,False,1998,12,
1382,1987-99,1987,False,1999,12,
1383,1988-00,1988,False,2000,12,
1384,1989-01,1989,False,2001,12,
1385,1990-02,1990,False,2002,12,
1386,1991-03,1991,False,2003,12,
1387,1992-04,1992,False,2004,12,
1388,1993-05,1993,False,2005,12,
1389,1994-06,1994,False,2006,12,
1390,1995-07,1995,False,2007,12,
1391,1996-08,1996,False,2008,12,
1392,1997-09,1997,False,2009,12,
1393,1998-10,1998,False,2010,12,
1394,1999-11,1999,False,2011,12,
1395,2000-12,2000,False,2012,12,
1396,2001-13,2001,False,2013,12,
1397,2002-14,2002,False,2014,12,
1398,2003-15,2003,False,2015,12,
1399,2004-16,2004,False,2016,12,
1400,2005-17,2005,False,2017,12,
1401,2006-18,2006,False,2018,12,
1402,2007-19,2007,False,2019,12,
1403,2008-20,2008,False,2020,12,
1404,2009-21,2009,False,2021,12,
1405,2010-22,2010,False,2022,12,
1406,2011-23,2011,False,2023,12,
1407,2012-24,2012,False,2024,12,
1408,2013-25,2013,False,2025,12,
1409,2014-26,2014,False,2026,12,
1410,2015-27,2015,False,2027,12,
1411,2016-28,2016,False,2028,12,
1412,2017-29,2017,False,2029,12,
1413,2018-30,2018,False,2030,12,
1414,2019-31,2019,False,2031,12,
1415,2020-32,2020,False,2032,12,
1416,2021-33,2021,False,2033,12,
1417,2022-34,2022,False,2034,12,
1418,2023-35,2023,False,2035,12,
1419,2024-36,2024,False,2036,12,
1420,2025-37,2025,False,2037,12,
1421,2026-38,2026,False,2038,12,
1422,2027-39,2027,False,2039,12,
1423,2028-40,2028,False,2040,12,
1424,2029-41,2029,False,2041,12,
1425,2030-42,2030,False,2042,12,
1426,2031-43,2031,False,2043,12,
1427,2032-44,2032,False,2044,12,
1428,2033-45,2033,False,2045,12,
1429,2034-46,2034,False,2046,12,
1430,2035-47,2035,False,2047,12,
1431,2036-48,2036,False,2048,12,
1432,2037-49,2037,False,2049,12,
1433,2038-50,2038,False,2050,12,
1434,2039-51,2039,False,2051,12,
1435,2040-52,2040,False,2052,12,
1436,2041-53,2041,False,2053,12,
1437,2042-54,2042,False,2054,12,
1438,2043-55,2043,False,2055,12,
1439,2044-56,2044,False,2056,12,
1440,2045-57,2045,False,2057,12,
1441,2046-58,2046,False,2058,12,
1442,2047-59,2047,False,2059,12,
1443,2048-60,2048,False,2060,12,
1444,2049-61,2049,False,2061,12,
1445,2050-62,2050,False,2062,12,
1446,2051-63,2051,False,2063,12,
1447,2052-64,2052,False,2064,12,
1448,2053-65,2053,False,2065,12,
1449,2054-66,2054,False,2066,12,
1450,2055-67,2055,False,2067,12,
1451,2056-68,2056,False,2068,12,
1452,2057-69,2057,False,2069,12,
1453,2058-70,2058,False,2070,12,
1454,2059-71,2059,False,2071,12,
1455,2060-72,2060,False,2072,12,
1456,2061-73,2061,False,2073,12,
1457,2062-74,2062,False,2074,12,
1458,2063-75,2063,False,2075,12,
1459,2064-76,2064,False,2076,12,
1460,2065-77,2065,False,2077,12,
1461,2066-78,2066,False,2078,12,
1462,2067-79,2067,False,2079,12,
1463,2068-80,2068,False,2080,12,
1464,2069-81,2069,False,2081,12,
1465,2070-82,2070,False,2082,12,
1466,2071-83,2071,False,2083,12,
1467,2072-84,2072,False,2084,12,
1468,2073-85,2073,False,2085,12,
1469,2074-86,2074,False,2086,12,
1470,2075-87,2075,False,2087,12,
1471,2076-88,2076,False,2088,12,
1472,2077-89,2077,False,2089,12,
1473,2078-90,2078,False,2090,12,
1474,2079-91,2079,False,2091,12,
1475,2080-92,2080,False,2092,12,
1476,2081-93,2081,False,2093,12,
1477,2082-94,2082,False,2094,12,
1478,2083-95,2083,False,2095,12,
1479,2084-96,2084,False,2096,12,
1480,2085-97,2085,False,2097,12,
1481,2086-98,2086,False,2098,12,
1482,2087-99,2087,False,2099,12,
1483,1994-15,1994,False,2015,21,
1484,1989-11,1989,False,2011,22,
1485,1989-05,1989,False,2005,16,
1486,1975,1975,False,1975,0,
1487,1978,1978,False,1978,0,
1488,1979,1979,False,1979,0,
1489,1999-13,1999,False,2013,14,
1490,1970,1970,False,1970,0,
1491,1972-73,1972,False,1973,1,
1492,1995-Present,1995,True,,-1995,
1493,1979-80,1979,False,1980,1,
1494,1974,1974,False,1974,0,
1495,2009-Present,2009,True,,-2009,
1496,1977,1977,False,1977,0,
1497,1976,1976,False,1976,0,
1498,1964,1964,False,1964,0,
1499,1961,1961,False,1961,0,
1500,1972,1972,False,1972,0,
1501,1966,1966,False,1966,0,
1502,1963,1963,False,1963,0,
1503,1973,1973,False,1973,0,
1504,1847,1847,False,1847,0,
1505,1851,1851,False,1851,0,
1506,1871,1871,False,1871,0,
1507,1881,1881,False,1881,0,
1508,1891,1891,False,1891,0,
1509,1901,1901,False,1901,0,
1510,1911,1911,False,1911,0,
1511,1921,1921,False,1921,0,
1512,1931,1931,False,1931,0,
1513,1944,1944,False,1944,0,
1515,1952,1952,False,1952,0,
1516,1962,1962,False,1962,0,
1517,1975-76,1975,False,1976,1,
1518,1960-61,1960,False,1961,1,
1519,1969-70,1969,False,1970,1,
1520,1965,1965,False,1965,0,
1521,1970-71,1970,False,1971,1,
1522,1940,1940,False,1940,0,
1523,1950,1950,False,1950,0,
1524,1960,1960,False,1960,0,
1525,1959,1959,False,1959,0,
1526,1930,1930,False,1930,0,
1527,1956,1956,False,1956,0,
1528,1920,1920,False,1920,0,
1529,1925,1925,False,1925,0,
1531,1935,1935,False,1935,0,
1532,1958,1958,False,1958,0,
1533,1967,1967,False,1967,0,
1534,1926,1926,False,1926,0,
1535,1971,1971,False,1971,0,
